<?xml version="1.0" encoding="UTF-8"?>

<!DOCTYPE mapper PUBLIC "-//mybatis.org//DTD Mapper 3.0//EN" 
"http://mybatis.org/dtd/mybatis-3-mapper.dtd">

<mapper namespace="member.mapper">

	<!-- 로그인 (id, pw 일치 여부 조회) -->
	<select id="member_login" resultType="member.MemberVO">
		select * from s_member
		where id = #{id}
		and pw = #{pw}	
	</select>

	<!-- social_email 존재 여부 조회 (소셜 로그인 이력 조회) -->
	<select id="social_email" resultType="integer">
		select count(*) from s_member
		where ${social_type} = #{social_email}
		<!-- ${social_type} 내 들어있는 동적 데이터 (즉, naver, kakao) 를 불어옴 -->
	</select>
	
	<update id="social_update">
		update s_member set name = #{name}, gender = #{gender}
		where ${social_type} = #{social_email}
	</update>
	

	<insert id="social_insert">
		insert into s_member (id, name, gender, ${social_type})
		values ( #{id}, #{name}, #{gender}, #{social_email} )
	</insert>

	<select id="id_check" resultType="integer">
		select count(*) from s_member
		where id = #{id}
	</select>

	<insert id="join">
		insert into s_member (name, id, pw, gender, email, birth, tel, post, addr)
		values ( #{name}, #{id}, #{pw}, #{gender}, #{email}, #{birth}, #{tel}, #{post}, #{addr} )	
	</insert>
	
	
	
	

</mapper>