<?xml version="1.0" encoding="UTF-8"?>
<beans xmlns="http://www.springframework.org/schema/beans"
       xmlns:context="http://www.springframework.org/schema/context"
       xmlns:xsi="http://www.w3.org/2001/XMLSchema-instance"
       xsi:schemaLocation="http://www.springframework.org/schema/beans http://www.springframework.org/schema/beans/spring-beans.xsd 
       http://www.springframework.org/schema/context http://www.springframework.org/schema/context/spring-context.xsd">

    <context:annotation-config/>
    
    <!-- context : 외부 파일을 사용할 수 있도록 경로를 설정 -->
    <context:property-placeholder location="classpath:data/db.properties" />
    
    <!-- id를 지정하면 다른 빈에서 참조할 수 있음 -->
    <bean id="dbcp" class="org.apache.commons.dbcp.BasicDataSource">
    	<!-- property : 데이터를 담을 필드를 의미 -->
    	
    	<property name="driverClassName" value="${db.driver}" />
    	<property name="url" value="${db.url}" />
    	<property name="username" value="${db.username}" />
    	<property name="password" value="${db.password}" />
    </bean>
    
    <!-- 오라클 내 hr 유저로 접속 -->
    <bean id="dbcp_hr" class="org.apache.commons.dbcp.BasicDataSource">
    	<!-- property : 데이터를 담을 필드를 의미 -->
    	<property name="driverClassName" value="${db.driver}" />
    	<property name="url" value="${db.url}" />
    	<property name="username" value="${hr.username}" />
    	<property name="password" value="${hr.password}" />
    </bean>
    
    
	<!-- myBatis를 등록하는 빈 -->
	<!-- DB 연결 및 쿼리문 처리 부분 -->
	<bean id="factory" class="org.mybatis.spring.SqlSessionFactoryBean">
		<property name="dataSource" ref="dbcp" />
		<property name="mapperLocations" value="classpath:sqlmap/*-mapper.xml" />
	</bean>
	
	<bean id="factory_hr" class="org.mybatis.spring.SqlSessionFactoryBean">
		<property name="dataSource" ref="dbcp_hr" />
		<property name="mapperLocations" value="classpath:sqlmap/*-mapper.xml" />
	</bean>
	
	
	<!-- sqlmap 패키지에 태그를 선언할 곳이 모이는 곳으로 *-mapper 파일을 연결 -->
	
	<bean class="org.mybatis.spring.SqlSessionTemplate">
		<constructor-arg name="sqlSessionFactory" ref="factory" />
		<qualifier value="hanul" />
	</bean>

	<bean class="org.mybatis.spring.SqlSessionTemplate">
		<constructor-arg name="sqlSessionFactory" ref="factory_hr" />
		<qualifier value="hr" />
	</bean>
	
	<bean id = "multipartResolver" 
		class = "org.springframework.web.multipart.commons.CommonsMultipartResolver">
		<property name="defaultEncoding" value="utf-8" />
		<property name="maxUploadSize" value="104857600" />
	</bean>
    
</beans>